{"mac_mean": 72.79280167267954, "mac_std": 3.761203367798361}
