{"mac_mean": 72.7296467180148, "mac_std": 6.011838659921802}
