{"mac_mean": 81.37061866647696, "mac_std": 1.007967543487956}
