{"mac_mean": 59.755455424206005, "mac_std": 4.338953932321152}
