{"mac_mean": 72.79280167267954, "mac_std": 3.761203367798361, "ap_mean": 93.96491381816371, "ap_std": 0.42275597342601606}
