{"mac_mean": 82.2327727152377, "mac_std": 0.7456575317164718, "ap_mean": 93.04372298204457, "ap_std": 0.6048402949596738}
