{"mac_mean": 53.56307311992613, "mac_std": 8.835735672400135, "ap_mean": 79.47701955201954, "ap_std": 1.6620472463903115}
