{"mac_mean": 33.299539290962294, "mac_std": 0.0, "ap_mean": 68.29542192788124, "ap_std": 0.0}
