{"mac_mean": 72.7296467180148, "mac_std": 6.011838659921802, "ap_mean": 87.74895252395251, "ap_std": 2.895170718557604}
