{"mac_mean": 75.39518184275894, "mac_std": 3.481415790108119, "ap_mean": 93.50648911240134, "ap_std": 0.7801280277442333}
