{"mac_mean": 74.32941926278161, "mac_std": 6.853940742660376, "ap_mean": 90.01516061516061, "ap_std": 3.006867022316155}
