{"mac_mean": 82.2327727152377, "mac_std": 0.7456575317164718}
