{"mac_mean": 74.32941926278161, "mac_std": 6.853940742660376}
