{"mac_mean": 75.39518184275894, "mac_std": 3.481415790108119}
