{"mac_mean": 41.24407828311745, "mac_std": 0.0, "ap_mean": 72.81839318005684, "ap_std": 0.0}
