{"mac_mean": 53.56307311992613, "mac_std": 8.835735672400135}
