{"mac_mean": 81.37061866647696, "mac_std": 1.007967543487956, "ap_mean": 93.40001952045505, "ap_std": 0.9131417043960129}
