{"mac_mean": 59.755455424206005, "mac_std": 4.338953932321152, "ap_mean": 82.02146692146691, "ap_std": 1.0502657117427665}
