{"mac_mean": 52.34816841877571, "mac_std": 2.8386125138010643, "ap_mean": 83.61631176631177, "ap_std": 2.073880273374781}
