{"mac_mean": 56.65378936553475, "mac_std": 3.7186670317586317}
