{"mac_mean": 73.81832828392677, "mac_std": 1.6559201305834095}
