{"mac_mean": 47.87094674247316, "mac_std": 4.320010651076074, "ap_mean": 79.96853541853542, "ap_std": 2.3819733645725565}
