{"mac_mean": 47.87094674247316, "mac_std": 4.320010651076074}
