{"mac_mean": 52.34816841877571, "mac_std": 2.8386125138010643}
