{"mac_mean": 56.65378936553475, "mac_std": 3.7186670317586317, "ap_mean": 92.772623477822, "ap_std": 0.31697915280275846}
