{"mac_mean": 73.81832828392677, "mac_std": 1.6559201305834095, "ap_mean": 94.08475282223789, "ap_std": 0.32552354045728976}
