{"mac_mean": 76.10522353523986, "mac_std": 0.0}
{"mac_mean": 76.10522353523986, "mac_std": 0.0}
