{"mac_mean": 43.506679801440875, "mac_std": 10.931442860966252}
