{"mac_mean": 32.2690862661338, "mac_std": 0.0}
{"mac_mean": 32.2690862661338, "mac_std": 0.0}
