{"mac_mean": 30.05052400005846, "mac_std": 3.8528993583613484, "ap_mean": 80.34796459939535, "ap_std": 2.91301943484887}
