{"mac_mean": 72.9235394781946, "mac_std": 0.0}
{"mac_mean": 72.9235394781946, "mac_std": 0.0}
