{"mac_mean": 43.506679801440875, "mac_std": 10.931442860966252, "ap_mean": 79.19982254982254, "ap_std": 7.130704031366277}
