{"mac_mean": 32.2690862661338, "mac_std": 0.0, "ap_mean": 65.6954131863716, "ap_std": 0.0}
