{"mac_mean": 54.49445011993079, "mac_std": 17.580270782646632, "ap_mean": 85.53624840686984, "ap_std": 8.532765580275324}
