{"mac_mean": 24.030244957389137, "mac_std": 0.0, "ap_mean": 61.5398006152979, "ap_std": 0.0}
