{"mac_mean": 54.49445011993079, "mac_std": 17.580270782646632}
