{"mac_mean": 33.677753982024136, "mac_std": 5.449063102711572, "ap_mean": 74.98996431496431, "ap_std": 1.8523303143266674}
