{"mac_mean": 24.030244957389137, "mac_std": 0.0}
{"mac_mean": 24.030244957389137, "mac_std": 0.0}
