{"mac_mean": 33.677753982024136, "mac_std": 5.449063102711572}
{"mac_mean": 33.677753982024136, "mac_std": 5.449063102711572}
