{"mac_mean": 30.05052400005846, "mac_std": 3.8528993583613484}
{"mac_mean": 30.05052400005846, "mac_std": 3.8528993583613484}
