{"mac_mean": 61.19150805466048, "mac_std": 7.691171929128172}
