{"mac_mean": 63.44707859129244, "mac_std": 2.767953298233599}
