{"mac_mean": 63.44707859129244, "mac_std": 2.767953298233599, "ap_mean": 86.06537966537965, "ap_std": 1.120856017693043}
