{"mac_mean": 86.06462859649437, "mac_std": 2.294308914912285, "ap_mean": 98.05955350363796, "ap_std": 0.2053864347327636}
