{"mac_mean": 61.19150805466048, "mac_std": 7.691171929128172, "ap_mean": 84.00933374342466, "ap_std": 1.7836538270300284}
