{"mac_mean": 80.04300178042087, "mac_std": 4.245777596003115, "ap_mean": 97.94444489030202, "ap_std": 0.20158779787966777}
