{"mac_mean": 80.04300178042087, "mac_std": 4.245777596003115}
