{"mac_mean": 86.06462859649437, "mac_std": 2.294308914912285}
